<?xml version="1.0" encoding="utf-8"?>
<manifest xmlns="http://www.imsglobal.org/xsd/imscp_v1p1" xmlns:adlcp="http://www.adlnet.org/xsd/adlcp_v1p3" xmlns:lom="http://ltsc.ieee.org/xsd/LOM" identifier="com.github.io.vlmantova.bookml.SCORM">
  <metadata>
    <schema>ADL SCORM</schema>
    <schemaversion>2004 3rd Edition</schemaversion>
    <lom:lom>
      <lom:general>
        <lom:title>
          <lom:string>Desmos Polygonal Number Diagrams</lom:string>
        </lom:title>
        <lom:description>
          <lom:string>
    Polygonal numbers, like the triangular, square, and pentagonal numbers, are closely identified with (or even defined in terms of) the diagrams that they are associated with. The functional programming capabilities of the Desmos graphing calculator provides fun and interesting ways of exploring number diagrams like those associated with polygonal numbers. This short article provides one approach that can be used to build polygonal number diagrams in Desmos.
  </lom:string>
        </lom:description>
      </lom:general>
      <lom:lifeCycle>
        <lom:contribute>
          <lom:role>
            <lom:value>author</lom:value>
          </lom:role>
          <lom:entity><![CDATA[BEGIN:VCARD VERSION:2.1
FN:Dan MacKinnon
END:VCARD]]></lom:entity>
        </lom:contribute>
      </lom:lifeCycle>
    </lom:lom>
  </metadata>
  <organizations>
    <organization identifier="org1">
      <title>Desmos Polygonal Number Diagrams</title>
      <item identifier="item1" identifierref="resource1">
        <title>Desmos Polygonal Number Diagrams</title>
      </item>
    </organization>
  </organizations>
  <resources>
    <resource identifier="resource1" type="webcontent" adlcp:scormType="asset" href="index.html">
      <file href="index.html"/>
      <file href="Ch0.Sx1.html"/>
      <file href="Ch0.Sx2.html"/>
      <file href="Ch0.Sx3.html"/>
      <file href="Ch0.Sx4.html"/>
      <file href="LaTeXML.css"/>
      <file href="ltx-listings.css"/>
      <file href="ltx-report.css"/>
      <file href="main.pdf"/>
      <file href="search_index.json"/>
      <file href="x1.png"/>
      <file href="x2.png"/>
      <file href="x3.png"/>
      <file href="bmluser/colors.gitbook-main.css"/>
      <file href="bookml/CSS/style.css"/>
      <file href="bookml/CSS/style.gitbook,plain.css"/>
      <file href="bookml/CSS/style.gitbook.css"/>
      <file href="bookml/gitbook/css/plugin-bookdown.css"/>
      <file href="bookml/gitbook/css/plugin-fontsettings.css"/>
      <file href="bookml/gitbook/css/plugin-search.css"/>
      <file href="bookml/gitbook/css/plugin-table.css"/>
      <file href="bookml/gitbook/css/style.css"/>
      <file href="bookml/gitbook/css/fontawesome/fontawesome-webfont.ttf"/>
      <file href="bookml/gitbook/js/app.min.js"/>
      <file href="bookml/gitbook/js/jquery.highlight.js"/>
      <file href="bookml/gitbook/js/plugin-bookdown.js"/>
      <file href="bookml/gitbook/js/plugin-fontsettings.js"/>
      <file href="bookml/gitbook/js/plugin-search.js"/>
      <file href="bookml/js/mathjax3.js"/>
    </resource>
  </resources>
</manifest>
